Dimension Index,Top-Activating Contexts,Context Activations
539,"[[319, 3321, 11, 2901, 767, 11, 1946, 11, 287, 21439, 11], [1220, 19433, 5267, 13, 1105, 11, 1946, 11, 604, 25, 2919]]","[[0.0, 0.0, 0.0, 0.0, 3.9824671745300293, 82.25130462646484, 0.0, 0.0, 0.0, 0.0, 0.0], [0.0, 0.0, 4.454357624053955, 4.124795913696289, 4.145082473754883, 59.38316345214844, 0.0, 0.0, 2.3377504348754883, 0.0, 0.0]]"
667,"[[198, 198, 464, 15317, 318, 407, 1972, 597, 7099, 25, 198], [2084, 37614, 938, 1755, 314, 2497, 810, 2869, 481, 307, 16118], [661, 423, 587, 7428, 284, 262, 4736, 625, 640, 2233, 284], [19, 13, 2039, 20225, 318, 257, 374, 1648, 4538, 286, 616], [9258, 511, 2230, 284, 17271, 257, 24486, 5098, 44268, 11, 3599], [674, 13674, 1545, 11, 23853, 290, 198, 198, 43885, 26383, 286]]","[[25.674076080322266, 23.7048282623291, 46.77326583862305, 39.11326217651367, 47.16379928588867, 50.593467712402344, 44.294063568115234, 44.55142593383789, 39.338714599609375, 44.333030700683594, 32.32625198364258], [36.08528137207031, 44.76823806762695, 44.47690200805664, 44.92711639404297, 46.45320510864258, 49.29393768310547, 48.134620666503906, 36.878578186035156, 44.428550720214844, 43.346275329589844, 44.06784439086914], [37.18912887573242, 44.28711700439453, 40.44049072265625, 36.046024322509766, 48.63805389404297, 48.85356903076172, 33.72758483886719, 40.69622039794922, 32.1380729675293, 39.38246536254883, 43.49576950073242], [11.473097801208496, 41.842437744140625, 35.2496337890625, 41.63044357299805, 41.39460372924805, 48.77640151977539, 33.54722213745117, 33.25886917114258, 36.179771423339844, 43.47917175292969, 44.574405670166016], [33.57124328613281, 37.02543640136719, 32.55489730834961, 40.25346374511719, 41.9614143371582, 48.38062286376953, 31.543397903442383, 33.33600997924805, 26.720155715942383, 36.27992630004883, 31.807947158813477], [41.095401763916016, 37.658164978027344, 38.743770599365234, 42.84672164916992, 34.996917724609375, 47.95906066894531, 29.521432876586914, 32.40541458129883, 31.02081298828125, 35.34714126586914, 37.78582000732422]]"
954,"[[866, 287, 2166, 286, 262, 1683, 83, 756, 85, 9073, 319]]","[[0.0, 0.0, 0.0, 1.9246832132339478, 1.141043782234192, 52.000633239746094, 22.83014488220215, 0.0, 0.0, 0.0, 3.3046391010284424]]"
1068,"[[12, 16863, 5123, 290, 10086, 287, 262, 7040, 286, 1115, 661], [447, 247, 83, 466, 262, 6908, 13, 16126, 750, 18825, 2547]]","[[0.0, 0.0, 0.0, 0.9329046010971069, 0.0, 6.226763725280762, 0.0, 0.0, 0.0, 0.0, 0.0], [0.0, 0.0, 0.0, 0.0, 0.0, 6.205873966217041, 0.0, 0.0, 0.0, 0.0, 0.0]]"
1327,"[[4619, 788, 314, 447, 247, 303, 3194, 734, 20652, 329, 36645], [34520, 11, 2258, 5913, 508, 468, 587, 845, 12435, 546, 262], [2312, 389, 2089, 6593, 13, 314, 760, 340, 447, 247, 82], [4420, 34362, 1181, 3657, 714, 423, 1103, 12, 6894, 6948, 329], [5727, 4788, 286, 262, 12671, 423, 925, 326, 3277, 257, 16343], [428, 4097, 13, 314, 743, 423, 587, 287, 1029, 1524, 1141]]","[[1.6527135372161865, 1.6345303058624268, 2.475369691848755, 1.116798996925354, 1.2714041471481323, 3.1571407318115234, 1.5486398935317993, 2.004512310028076, 1.3268874883651733, 1.178926944732666, 1.0121694803237915], [1.757993221282959, 1.682389736175537, 1.421865701675415, 1.7639390230178833, 2.510741710662842, 3.0699188709259033, 2.1969003677368164, 2.054103136062622, 1.51053786277771, 1.7646547555923462, 2.032567024230957], [2.0674350261688232, 2.3264412879943848, 1.5617449283599854, 1.6943881511688232, 1.7451684474945068, 3.018151044845581, 1.8431411981582642, 1.7211114168167114, 0.8378318548202515, 0.9499049186706543, 1.5825027227401733], [1.8656392097473145, 1.645302176475525, 1.398719072341919, 2.327340602874756, 2.386420249938965, 3.012901782989502, 2.201413869857788, 1.1736680269241333, 2.137586832046509, 1.8932582139968872, 2.1403937339782715], [1.076515793800354, 1.6512240171432495, 2.226741313934326, 2.298940420150757, 1.750145673751831, 3.004436731338501, 1.9866575002670288, 1.989209532737732, 1.9760428667068481, 2.3464066982269287, 1.073980450630188], [1.7046564817428589, 1.585673451423645, 1.7799850702285767, 2.4295084476470947, 2.190279960632324, 3.0029356479644775, 2.2661404609680176, 2.0028882026672363, 1.439379096031189, 1.7448540925979614, 1.6318225860595703]]"
2071,"[[2158, 16352, 4000, 5614, 8537, 475, 857, 407, 6878, 24727, 13], [393, 366, 82, 28030, 5183, 1, 27884, 351, 262, 2635, 2097], [2312, 389, 2089, 6593, 13, 314, 760, 340, 447, 247, 82], [938, 614, 11, 1719, 5399, 262, 18753, 379, 262, 1210, 286], [575, 52, 3955, 2767, 1847, 357, 44, 528, 36909, 575, 9019], [284, 307, 720, 1238, 9374, 23068, 1065, 9374, 737, 198, 198]]","[[0.07869753986597061, 6.230157375335693, 2.939885377883911, 3.0536916255950928, 1.8972092866897583, 11.124838829040527, 9.632740020751953, 9.441278457641602, 3.7087790966033936, 0.8108900189399719, 0.0], [1.7152730226516724, 5.250771522521973, 3.877809524536133, 1.7856653928756714, 4.584052562713623, 10.842567443847656, 0.0, 0.0, 3.0728511810302734, 6.389084815979004, 0.0], [3.21134090423584, 1.8963373899459839, 0.0, 0.0, 0.2885114252567291, 10.75546646118164, 0.0, 0.0, 0.0, 0.0, 4.840812683105469], [0.46336501836776733, 0.0, 2.926584482192993, 6.711014270782471, 7.213111400604248, 10.718918800354004, 3.602961301803589, 4.165261268615723, 6.610949516296387, 0.8456485271453857, 4.049278259277344], [0.0, 0.5847312211990356, 0.0, 0.4956616759300232, 0.0, 10.663689613342285, 3.2845683097839355, 4.69111442565918, 6.925336837768555, 6.2609639167785645, 3.5690560340881348], [3.4432592391967773, 5.393949031829834, 4.025847434997559, 4.151240825653076, 2.4365365505218506, 10.527104377746582, 4.685224533081055, 0.0, 1.0280576944351196, 0.0, 0.0]]"
2280,"[[40355, 14372, 338, 7072, 11, 1775, 994, 319, 3321, 11, 2901]]","[[0.0, 0.0, 0.0, 0.0, 12.59223747253418, 52.99089431762695, 0.0, 1.5576814413070679, 0.0, 0.0, 0.0]]"
2565,"[[554, 18982, 873, 9072, 357, 45, 2149, 8, 532, 32774, 286]]","[[0.0, 0.0, 0.0, 0.0, 34.59416580200195, 57.25361633300781, 0.0, 0.0, 0.0, 0.0, 0.0]]"
3577,"[[290, 8470, 284, 3394, 24869, 34592, 11, 1864, 284, 2717, 2184], [8, 286, 1160, 3389, 19342, 11, 46431, 262, 1578, 7973, 24720], [13, 554, 1296, 8306, 465, 7743, 339, 4893, 1521, 339, 750], [257, 1204, 6827, 287, 262, 5170, 286, 10663, 12, 33163, 4346], [4041, 8, 290, 481, 1011, 1295, 1022, 2808, 290, 1542, 3267], [271, 12, 49, 452, 494, 411, 319, 3431, 3329, 13, 10714]]","[[0.0, 0.0, 0.0, 0.0, 0.0, 4.0757646560668945, 0.0, 0.0, 0.0, 0.0, 0.0], [0.0, 0.0, 0.0, 0.0, 0.0, 3.3440563678741455, 0.0, 0.0, 0.0, 0.0, 0.0], [0.0, 0.0, 0.0, 0.0, 0.0, 3.3438050746917725, 0.0, 0.0, 0.0, 0.0, 0.0], [0.0, 0.0, 0.0, 0.0, 0.0, 3.0787529945373535, 0.0, 0.0, 0.0, 0.0, 0.0], [0.0, 0.0, 0.0, 0.0, 0.0, 2.9308691024780273, 0.0, 0.0, 0.0, 0.0, 0.0], [0.0, 0.0, 0.0, 0.0, 0.0, 2.9088339805603027, 0.0, 0.0, 0.0, 0.0, 0.0]]"
3595,"[[1139, 25, 366, 2061, 338, 281, 4459, 1701, 383, 1605, 1139], [338, 7327, 13, 198, 198, 6610, 3052, 11], [7327, 5983, 284, 4890, 13, 1439, 262, 3640, 389, 1760, 10522], [511, 14023, 16054, 11, 892, 257, 922, 5022, 1022, 24892, 17114], [640, 19183, 3572, 2492, 470, 326, 1263, 13, 15933, 11, 345], [1064, 511, 670, 11570, 7082, 351, 2035, 564, 250, 16371, 881]]","[[0.0, 0.0, 0.0, 0.0, 0.0, 4.2538299560546875, 0.0, 0.0, 0.0, 0.0, 0.0], [0.0, 0.0, 0.0, 0.0, 0.0, 1.887833595275879, 0.0, 0.0], [0.0, 0.0, 0.0, 0.0, 0.0, 1.2140896320343018, 0.943676769733429, 0.0, 0.0, 0.0, 0.0], [0.0, 0.0, 0.0, 0.0, 0.0, 1.1007965803146362, 0.2497701346874237, 0.0, 0.0, 0.0, 0.0], [0.0, 0.0, 0.0, 0.0, 0.0, 0.9862151741981506, 0.0, 0.0, 0.0, 0.0, 0.0], [0.0, 0.0, 0.0, 0.0, 0.0, 0.23011037707328796, 0.0, 0.0, 0.0, 0.0, 0.0]]"
3936,"[[27429, 685, 4370, 2361, 198, 198, 6214, 7343, 286, 6638, 18882], [447, 247, 82, 3452, 1923, 512, 5644, 326, 2692, 1595, 447], [9424, 326, 743, 655, 1282, 1969, 284, 262, 28181, 337, 18], [4999, 484, 389, 22735, 803, 318, 337, 41561, 30624, 40951, 290], [262, 1708, 35066, 319, 3783, 355, 281, 13953, 13, 20759, 11], [30612, 416, 281, 7485, 1181, 25, 10433, 13, 198, 198, 38897]]","[[0.0, 0.0, 0.0, 0.0, 0.0, 5.503078937530518, 0.0, 0.0, 0.0, 0.0, 0.0], [0.0, 0.0, 0.0, 0.0, 0.0, 2.54402494430542, 0.0, 0.0, 0.0, 0.0, 0.0], [0.0, 0.0, 0.0, 0.0, 0.0, 2.3524622917175293, 0.0, 0.0, 0.0, 0.0, 0.0], [0.0, 0.0, 0.0, 0.0, 0.0, 2.105922222137451, 0.0, 0.0, 0.0, 0.0, 0.0], [0.0, 0.0, 0.0, 0.0, 0.0, 2.096418857574463, 0.0, 0.0, 0.0, 0.0, 0.0], [0.0, 0.0, 0.0, 0.0, 0.0, 2.001626491546631, 0.0, 0.0, 0.0, 0.0, 0.0]]"
4018,"[[416, 6542, 9530, 1636, 198, 198, 5756, 447, 247, 82, 2221], [1705, 290, 11257, 13, 198, 198, 30403, 12456, 47474, 318, 9431], [4863, 5181, 8760, 1399, 198, 198, 1135, 423, 655, 2722, 989], [11050, 39641, 509, 30525, 198, 198, 16186, 29479, 540, 6682, 18643], [12, 14053, 20092, 7092, 198, 198, 23865, 6119, 274, 2716, 428], [319, 2310, 5267, 2177, 198, 198, 3198, 286, 262, 749, 2968]]","[[6.355536937713623, 4.601964950561523, 0.0, 0.0, 20.689716339111328, 74.02478790283203, 13.194292068481445, 6.655023574829102, 4.041471481323242, 0.0, 6.069705009460449], [0.0, 2.3921518325805664, 0.0, 0.462706983089447, 5.881648540496826, 64.73866271972656, 0.0, 0.0, 4.89943265914917, 16.6036319732666, 8.189910888671875], [18.87406349182129, 1.5129581689834595, 12.340982437133789, 32.50908279418945, 5.6041131019592285, 63.54582214355469, 23.152868270874023, 16.566741943359375, 4.968409538269043, 9.087489128112793, 2.5328330993652344], [0.0, 0.0, 0.0, 0.0, 16.169336318969727, 59.05024337768555, 19.001789093017578, 0.0, 1.5301142930984497, 2.664975643157959, 2.5764174461364746], [0.0, 0.0, 0.0, 0.0, 16.47044563293457, 56.05865478515625, 0.0, 0.0, 0.0, 0.0, 17.64034080505371], [9.193679809570312, 0.0, 0.6844369173049927, 5.984711647033691, 17.5892391204834, 55.594032287597656, 16.45833969116211, 15.982012748718262, 21.769153594970703, 17.44681167602539, 23.178142547607422]]"
4139,"[[318, 257, 564, 246, 22606, 393, 4048, 2746, 447, 247, 11], [3724, 13, 317, 582, 290, 257, 2415, 422, 1194, 1097, 423], [340, 481, 307, 9593, 663, 717, 10637, 711, 9830, 1399, 851], [4084, 318, 284, 266, 11011, 1958, 6428, 9449, 13, 198, 198], [257, 1596, 12, 1941, 12, 727, 2933, 13, 198, 198, 11605], [727, 12540, 508, 30040, 12864, 257, 5650, 582, 287, 10710, 373]]","[[10.08226490020752, 5.739226341247559, 0.8125037550926208, 1.4387567043304443, 2.7482175827026367, 42.5168571472168, 4.310543537139893, 5.6535162925720215, 0.0, 0.0, 2.963695764541626], [0.0, 0.0, 10.080053329467773, 2.735961437225342, 11.546481132507324, 19.101343154907227, 3.8089535236358643, 0.0, 3.0863089561462402, 2.4911601543426514, 5.4992756843566895], [0.0, 0.0, 0.0, 9.531291961669922, 13.405610084533691, 18.938161849975586, 1.5697979927062988, 4.27610969543457, 2.5441856384277344, 0.0, 0.0], [0.0, 0.7900058031082153, 4.562637805938721, 0.0, 2.093195915222168, 17.15064239501953, 9.547937393188477, 6.726598262786865, 9.245237350463867, 0.0, 4.4745073318481445], [15.45254135131836, 4.059553146362305, 6.222853183746338, 5.275815010070801, 6.219367027282715, 16.372577667236328, 0.0, 6.211102485656738, 0.0, 1.8194739818572998, 0.0], [4.045159339904785, 1.4315611124038696, 2.9102365970611572, 0.0, 6.806543827056885, 14.532820701599121, 5.749670505523682, 0.0, 0.0, 0.6723616123199463, 0.8475892543792725]]"
4181,"[[262, 717, 1285, 286, 3389, 357, 12227, 691, 11, 286, 1781]]","[[0.0, 0.0, 1.3052523136138916, 0.9952202439308167, 2.167680263519287, 6.88553524017334, 1.216184377670288, 1.7130851745605469, 3.568375587463379, 0.0, 0.0]]"
4474,"[[13795, 284, 34611, 2661, 351, 262, 649, 1893, 851, 284, 4654], [352, 286, 1220, 767, 11260, 13872, 2258, 1589, 3180, 35, 10532], [418, 287, 262, 1175, 329, 262, 2635, 2097, 547, 6294, 287], [8, 198, 198, 464, 17481, 357, 6090, 271, 300, 929, 385], [326, 262, 1964, 2428, 7346, 262, 6387, 30456, 286, 2253, 423], [352, 286, 1220, 604, 11260, 13872, 3442, 1660, 1080, 8515, 38079]]","[[0.0, 0.0, 0.0, 0.0, 0.0, 4.485982418060303, 0.3991038203239441, 0.0, 0.0, 0.0, 0.0], [0.0, 0.0, 0.0, 0.0, 0.0, 3.3464598655700684, 0.0, 0.0, 0.0, 2.821253538131714, 0.0], [0.0, 0.0, 1.2054979801177979, 0.0, 0.7710376977920532, 3.121028184890747, 0.0, 0.0, 0.0, 0.0, 0.0], [0.0, 0.0, 0.0, 0.0, 0.0, 3.1047122478485107, 0.0, 0.0, 0.0, 0.0, 0.0], [0.0, 0.0, 0.0, 0.0, 0.0, 2.9518730640411377, 0.0, 0.0, 0.0, 0.0, 0.0], [0.0, 0.0, 0.0, 0.0, 0.0, 2.684889554977417, 0.0, 0.0, 0.0, 0.0, 0.0]]"
4656,"[[1944, 364, 11, 1111, 649, 290, 1468, 11, 481, 307, 13630], [351, 2347, 6272, 11, 281, 13835, 1492, 10069, 13, 679, 6149], [307, 340, 257, 649, 6877, 11, 617, 3131, 13990, 5207, 393], [355, 880, 13, 9754, 301, 777, 2458, 11, 749, 14660, 318], [260, 20536, 284, 5453, 326, 262, 4490, 4756, 286, 968, 10982], [284, 34951, 13901, 5690, 13, 383, 22489, 40089, 3781, 1577, 2486]]","[[0.0, 5.839718818664551, 11.075861930847168, 18.300397872924805, 5.642472743988037, 31.380233764648438, 8.726372718811035, 13.899877548217773, 3.9632933139801025, 0.5545732378959656, 7.210853576660156], [1.7182846069335938, 0.0, 0.0, 2.2243945598602295, 0.730437159538269, 29.56629753112793, 4.490901470184326, 2.6243696212768555, 6.824238300323486, 0.0, 0.0], [2.2096924781799316, 10.458358764648438, 12.530180931091309, 0.0, 0.0, 25.486419677734375, 21.0938663482666, 2.661271572113037, 3.4486942291259766, 5.09592342376709, 14.99522876739502], [3.7023065090179443, 2.1410164833068848, 11.30267333984375, 4.8464555740356445, 6.582428932189941, 24.319366455078125, 0.0, 9.77548599243164, 9.832830429077148, 6.176458835601807, 3.3766140937805176], [2.1184518337249756, 0.0, 3.214390516281128, 4.399325370788574, 14.965155601501465, 23.478960037231445, 9.917806625366211, 0.0, 20.361412048339844, 0.0, 0.0], [0.0, 0.0, 0.0, 0.0, 8.409571647644043, 22.66962242126465, 0.0, 0.0, 1.9545891284942627, 0.979128897190094, 0.0]]"
5844,"[[257, 3621, 4019, 400, 10955, 1944, 1911, 198, 198, 43020, 833], [23894, 329, 852, 366, 1040, 18464, 1, 284, 33686, 661, 508], [1464, 651, 340, 1802, 4, 826, 1, 706, 4881, 550, 257], [6848, 366, 37980, 1124, 547, 925, 1, 1088, 262, 7585, 286]]","[[12.7667236328125, 20.985898971557617, 26.055416107177734, 24.94207000732422, 27.196767807006836, 52.57380294799805, 0.0, 0.0, 0.0, 0.0, 0.0], [0.0, 0.0, 0.0, 0.0, 0.0, 50.28166580200195, 4.695064544677734, 0.0, 0.0, 0.0, 0.0], [29.055553436279297, 17.1013126373291, 22.663225173950195, 6.987766265869141, 35.764217376708984, 45.95186996459961, 0.0, 0.0, 0.0, 0.0, 0.0], [0.0, 0.0, 6.841448783874512, 32.74216079711914, 22.98694610595703, 43.82375717163086, 5.423214912414551, 0.0, 0.0, 0.0, 0.0]]"
6139,"[[836, 447, 247, 83, 760, 644, 257, 564, 250, 15588, 28960], [262, 2694, 284, 4286, 290, 1061, 2995], [3382, 262, 2479, 4179, 4376, 284, 1160, 422, 678, 290, 339], [464, 3668, 28048, 447, 247, 83, 7276, 611, 921, 9974, 257], [28290, 28495, 25, 27433, 2705, 4691, 4771, 8566, 287, 355, 1310], [25, 3624, 1938, 389, 2950, 287, 262, 1730, 326, 12800, 4705]]","[[8.062887191772461, 0.0, 0.7982141375541687, 8.710331916809082, 8.508479118347168, 18.330711364746094, 16.628150939941406, 0.0, 2.0739989280700684, 7.755391597747803, 4.479275703430176], [8.677421569824219, 11.663248062133789, 10.314255714416504, 12.636096954345703, 5.904435634613037, 17.096172332763672, 7.928809642791748], [2.9512577056884766, 6.056069850921631, 8.66672134399414, 12.327047348022461, 10.774489402770996, 16.582868576049805, 5.55920934677124, 7.106840133666992, 5.617501258850098, 7.79299259185791, 2.8262581825256348], [7.2076005935668945, 6.415493011474609, 5.827995300292969, 0.0, 6.3118577003479, 16.110836029052734, 5.939629077911377, 11.248215675354004, 12.558380126953125, 6.193436145782471, 8.217334747314453], [0.0, 4.3930864334106445, 3.1080636978149414, 7.709473133087158, 9.34406566619873, 16.071046829223633, 11.072568893432617, 14.827291488647461, 4.1954874992370605, 2.200124979019165, 2.0536794662475586], [3.973168134689331, 8.89437198638916, 7.664091110229492, 11.545040130615234, 4.687038421630859, 15.89403247833252, 12.255752563476562, 1.9658849239349365, 10.548755645751953, 8.303977966308594, 7.716414451599121]]"
6269,"[[11, 475, 355, 2582, 355, 314, 1280, 340, 11, 340, 4940], [464, 21538, 1625, 739, 2046, 7415, 329, 6301, 262, 5283, 18358], [29535, 5284, 1909, 11, 262, 717, 11162, 286, 262, 1499, 338], [3052, 11, 10172, 7502, 3423, 837, 4488, 416, 763], [691, 530, 7322, 287, 465, 2720, 351, 262, 8829, 3782, 373], [326, 257, 922, 867, 27227, 1547, 11, 588, 3589, 11, 389]]","[[0.0, 0.0, 0.0, 0.0, 0.0, 1.6233561038970947, 0.0, 0.0, 0.0, 0.0, 0.0], [0.0, 0.0, 0.0, 0.0, 0.0, 1.4321763515472412, 0.0, 0.0, 0.0, 0.0, 0.0], [0.0, 0.0, 0.0, 0.0, 0.0, 0.9735186696052551, 0.0, 0.0, 0.0, 0.0, 0.0], [0.0, 0.0, 0.0, 0.0, 0.0, 0.8053691983222961, 0.0, 0.0, 0.0], [0.0, 0.0, 0.0, 0.0, 0.0, 0.7478439211845398, 0.0, 0.0, 0.0, 0.0, 0.0], [0.0, 0.0, 0.0, 0.0, 0.0, 0.5837624073028564, 0.0, 0.0, 0.0, 0.0, 0.0]]"
6736,"[[3218, 4308, 13, 198, 198, 1906, 770, 318, 674, 2008, 546]]","[[0.0, 0.0, 0.0, 0.0, 0.0, 59.754276275634766, 0.0, 9.403100967407227, 0.0, 0.0, 0.0]]"
6879,"[[428, 640, 286, 262, 614, 11, 475, 477, 614, 890, 13]]","[[10.082255363464355, 23.588220596313477, 0.0, 0.0, 32.951480865478516, 45.97846221923828, 0.0, 0.0, 0.0, 0.0, 0.0]]"
7462,"[[262, 1660, 28488, 82, 422, 262, 6268, 286, 584, 11492, 11], [247, 82, 2551, 287, 262, 3050, 18029, 1578, 1339, 13, 198], [290, 968, 1971, 2254, 9008, 257, 649, 1877, 11, 475, 635], [379, 262, 1294, 290, 379, 262, 17807, 1230, 13, 198, 198], [262, 4436, 714, 4425, 517, 621, 720, 2996, 1510, 287, 2717], [262, 1708, 35066, 319, 3783, 355, 281, 13953, 13, 20759, 11]]","[[0.0, 0.0, 0.0, 0.0, 0.0, 2.157470703125, 0.0, 0.0, 0.0, 0.0, 0.0], [0.0, 0.0, 0.0, 0.0, 0.0, 1.9503623247146606, 0.0, 0.0, 0.0, 0.0, 0.0], [0.0, 0.0, 0.0, 0.0, 0.0, 1.6835061311721802, 0.0, 0.0, 0.0, 0.0, 0.0], [0.0, 0.0, 0.0, 0.0, 0.0, 1.6529537439346313, 0.0, 0.0, 0.0, 0.0, 0.0], [0.0, 0.0, 0.0, 0.0, 0.0, 1.2486740350723267, 0.0, 0.0, 0.0, 0.0, 0.0], [0.0, 0.0, 0.0, 0.0, 0.0, 0.9762919545173645, 0.0, 0.0, 0.0, 0.0, 0.0]]"
7524,"[[21285, 2888, 7027, 287, 2258, 290, 5694, 2253, 960, 1462, 3328], [19606, 318, 2406, 422, 2029, 290, 2157, 32217, 981, 968, 39519], [318, 257, 564, 246, 22606, 393, 4048, 2746, 447, 247, 11], [1690, 3917, 351, 257, 2988, 393, 4934, 5538, 13, 23135, 82], [1022, 262, 3415, 2855, 290, 262, 7610, 2191, 11, 543, 468], [4196, 1, 20150, 2641, 7133, 290, 13133, 5205, 13, 198]]","[[0.0, 0.0, 0.0, 0.0, 0.0, 38.74111557006836, 0.0, 0.0, 0.0, 0.0, 0.0], [0.0, 1.6141119003295898, 0.0, 3.0006067752838135, 4.6737542152404785, 38.05217742919922, 3.8812808990478516, 0.0, 19.398395538330078, 0.0, 0.0], [0.0, 0.13333216309547424, 0.0, 0.0, 0.0, 28.1434268951416, 0.0, 1.2127777338027954, 0.0, 0.0, 3.1196353435516357], [0.0, 0.0, 3.0864875316619873, 5.381677150726318, 0.0, 27.857091903686523, 0.0, 0.0, 0.0, 0.0, 0.0], [0.0, 0.0, 0.0, 0.0, 11.142887115478516, 26.619997024536133, 0.0, 0.0, 0.8321061134338379, 0.0, 0.0], [0.0, 0.0, 0.0, 0.0, 0.0, 26.08023452758789, 0.0, 0.0, 0.0, 0.0]]"
7625,"[[1, 393, 366, 82, 28030, 5183, 1, 27884, 351, 262, 2635], [262, 3277, 338, 9725, 290, 19432, 11, 1011, 1337, 286, 11255], [262, 9840, 286, 6379, 8549, 357, 9148, 44, 8, 3896, 11], [257, 1410, 284, 4975, 262, 1181, 338, 645, 12, 69, 1721], [286, 326, 13472, 11, 351, 663, 3265, 7796, 18644, 290, 663], [307, 720, 1238, 9374, 23068, 1065, 9374, 737, 198, 198, 10364]]","[[15.23518180847168, 10.691751480102539, 15.254569053649902, 3.6009790897369385, 5.3774495124816895, 17.075355529785156, 11.666635513305664, 9.458974838256836, 11.77613353729248, 11.480298042297363, 2.427851438522339], [8.920082092285156, 10.847801208496094, 15.712664604187012, 15.021004676818848, 13.210622787475586, 15.923893928527832, 6.964447975158691, 4.449718952178955, 0.4047752320766449, 10.840330123901367, 12.524773597717285], [4.740689754486084, 3.1310627460479736, 5.77397346496582, 5.9153337478637695, 5.814014911651611, 15.713584899902344, 8.328080177307129, 9.173684120178223, 5.795925617218018, 5.632024765014648, 3.2587108612060547], [7.300717353820801, 8.431550025939941, 0.730268120765686, 7.930419445037842, 8.453055381774902, 15.416016578674316, 12.899133682250977, 6.078283309936523, 9.350920677185059, 7.025784969329834, 1.9101548194885254], [6.220982551574707, 6.318588733673096, 7.330671787261963, 9.409124374389648, 10.447065353393555, 15.119868278503418, 11.688545227050781, 9.508310317993164, 9.23061466217041, 13.502767562866211, 10.057333946228027], [2.8958184719085693, 1.9620671272277832, 10.955282211303711, 7.464748859405518, 8.937585830688477, 14.59091854095459, 7.659304618835449, 3.806447982788086, 5.179790019989014, 0.0, 2.0528435707092285]]"
8143,"[[636, 286, 257, 7756, 9902, 284, 1467, 3466, 329, 262, 717], [995, 13, 1052, 18898, 994, 11, 257, 8848, 24790, 612, 11], [612, 11, 21788, 13, 20575, 468, 345, 5017, 0, 198, 198], [511, 2055, 290, 2405, 11, 290, 356, 765, 345, 284, 1560], [530, 12, 2364, 38102, 290, 6461, 1729, 2245, 422, 3217, 513], [262, 5776, 481, 2048, 10403, 2666, 287, 511, 7765, 13, 8989]]","[[0.0, 0.0, 0.0, 0.0, 0.0, 5.081006050109863, 0.0, 0.0, 0.942720353603363, 0.0, 0.0], [0.0, 0.0, 0.0, 0.0, 0.0, 3.7740325927734375, 0.0, 0.0, 0.0, 0.0, 0.0], [0.0, 0.0, 0.0, 0.0, 0.0, 2.1827785968780518, 0.0, 0.0, 0.0, 0.0, 0.0], [0.0, 0.0, 0.0, 0.0, 0.0, 1.4310649633407593, 0.0, 0.0, 0.0, 0.0, 0.0], [0.0, 0.0, 0.0, 0.0, 0.0, 1.236004114151001, 0.0, 0.0, 0.0, 0.0, 0.0], [0.0, 0.0, 0.0, 0.0, 0.0, 1.0669806003570557, 0.0, 0.0, 0.0, 0.0, 0.0]]"
8144,"[[10159, 287, 1605, 5582, 18231, 284, 2692, 625, 262, 1613, 3860], [1657, 286, 1811, 12432, 287, 543, 2046, 373, 4721, 1, 290], [5661, 2071, 2314, 307, 39378, 1201, 340, 1595, 470, 8814, 319], [1479, 1910, 326, 366, 36747, 34120, 262, 2104, 9156, 286, 12129], [366, 35499, 4297, 290, 10650, 422, 19125, 9913, 48739, 553, 10225], [3670, 366, 1169, 1960, 35128, 286, 262, 3800, 18161, 16, 60]]","[[18.56092071533203, 28.46369743347168, 22.159223556518555, 15.623269081115723, 15.554574012756348, 31.389583587646484, 17.62135887145996, 24.662504196166992, 23.574081420898438, 23.316200256347656, 13.212377548217773], [10.492287635803223, 26.757061004638672, 22.254451751708984, 10.199309349060059, 19.20453643798828, 29.90797233581543, 19.873016357421875, 21.527280807495117, 12.792470932006836, 0.0, 3.3244690895080566], [22.09184455871582, 19.820960998535156, 19.593433380126953, 22.608142852783203, 15.428000450134277, 29.240612030029297, 22.949453353881836, 5.691223621368408, 19.43125343322754, 18.874919891357422, 27.411109924316406], [0.0, 0.0, 7.3050055503845215, 15.930963516235352, 18.92576026916504, 27.761802673339844, 26.730182647705078, 23.998519897460938, 13.11530590057373, 25.37311363220215, 5.605093479156494], [10.29770278930664, 13.994712829589844, 4.135849952697754, 19.04654312133789, 5.570356845855713, 25.841026306152344, 21.08015251159668, 10.116931915283203, 7.226593971252441, 5.633533000946045, 0.0], [3.5357959270477295, 7.341481685638428, 19.06658363342285, 13.884570121765137, 9.596094131469727, 25.525501251220703, 19.741249084472656, 4.806255340576172, 0.0, 0.0, 0.0]]"
8939,"[[16384, 26742, 8, 286, 23326, 16890, 2018, 351, 11, 393, 3031], [15472, 20150, 13, 20432, 1321, 318, 287, 262, 7788, 5064, 20150], [10796, 32400, 379, 262, 8111, 20873, 14819, 8478, 287, 17575, 13], [422, 5745, 1973, 262, 1499, 422, 257, 4996, 286, 16020, 1390], [13, 3248, 1381, 14595, 477, 262, 640, 13, 632, 318, 644], [379, 838, 13, 679, 9141, 1524, 287, 9533, 290, 5710, 503]]","[[0.0, 3.1713550090789795, 6.303011417388916, 0.0, 0.607479453086853, 11.009947776794434, 2.668071985244751, 3.6860897541046143, 0.0, 0.0, 0.0], [2.9879064559936523, 3.6352930068969727, 5.8699517250061035, 5.0552873611450195, 8.738489151000977, 10.427007675170898, 7.833165645599365, 4.5688862800598145, 2.046917676925659, 1.7155557870864868, 3.948558807373047], [0.8851885795593262, 0.0, 0.33645033836364746, 3.6006462574005127, 4.557405948638916, 10.210350036621094, 2.2663800716400146, 2.071127414703369, 3.0384228229522705, 0.0, 0.0], [3.4170758724212646, 5.24799108505249, 3.9510297775268555, 2.489196538925171, 6.715060710906982, 10.025343894958496, 5.318637371063232, 5.0338616371154785, 7.070399761199951, 4.913235664367676, 1.0222045183181763], [3.4241979122161865, 0.0, 3.2937657833099365, 4.774432182312012, 4.133472919464111, 9.990894317626953, 0.0, 2.9230685234069824, 0.0, 0.4693675935268402, 1.3651679754257202], [0.0, 0.0, 0.0, 1.9324009418487549, 4.619204044342041, 9.88146686553955, 1.9339148998260498, 4.193294525146484, 4.843222618103027, 0.0, 0.5202741622924805]]"
9317,"[[11, 393, 4158, 5563, 286, 1049, 6817, 13, 26386, 3709, 423]]","[[0.0, 0.0, 0.0, 0.0, 11.971883773803711, 59.70246887207031, 14.439298629760742, 0.0, 0.0, 0.0, 0.0]]"
9894,"[[464, 2585, 351, 262, 1306, 4511, 3965, 286, 2042, 10681, 547], [587, 32627, 9157, 4249, 468, 340, 587, 14672, 6325, 13, 770], [27429, 685, 4370, 2361, 198, 198, 6214, 7343, 286, 6638, 18882], [1276, 307, 1498, 284, 1702, 4969, 447, 247, 82, 2260, 24577], [2048, 790, 5044, 326, 468, 1683, 11196, 13, 1629, 625, 5323], [5242, 286, 5054, 852, 5104, 721, 276, 422, 777, 3259, 290]]","[[6.199382305145264, 7.6877760887146, 9.19949722290039, 12.681731224060059, 9.57178783416748, 17.876384735107422, 8.707319259643555, 11.492423057556152, 5.682616233825684, 4.729462623596191, 1.7963263988494873], [11.249157905578613, 11.462079048156738, 3.559462308883667, 10.855660438537598, 8.697280883789062, 17.835918426513672, 15.554012298583984, 8.795023918151855, 1.7672336101531982, 4.751262664794922, 5.655081272125244], [9.161205291748047, 0.0, 0.0, 6.293247222900391, 5.062455654144287, 17.131502151489258, 5.824460029602051, 0.0, 6.123909950256348, 2.2132086753845215, 0.0], [11.377362251281738, 12.19957160949707, 9.384454727172852, 12.454681396484375, 7.2513957023620605, 16.96634292602539, 5.163857460021973, 7.056906700134277, 12.370529174804688, 11.986296653747559, 5.711897850036621], [6.608518123626709, 7.931705951690674, 5.037957191467285, 11.4594087600708, 12.129230499267578, 16.938661575317383, 6.752106189727783, 8.50336742401123, 2.9066689014434814, 2.5467257499694824, 5.9803690910339355], [3.916548490524292, 8.22603702545166, 1.9202461242675781, 15.043573379516602, 11.077847480773926, 16.799394607543945, 7.811262607574463, 10.712005615234375, 7.708284378051758, 3.356154680252075, 6.990501880645752]]"
12042,"[[329, 2048, 1936, 812, 783, 290, 618, 339, 5399, 262, 31112]]","[[4.782832622528076, 4.06578254699707, 0.0, 2.796375036239624, 3.7430763244628906, 17.545894622802734, 10.381242752075195, 0.0, 0.0, 0.0, 0.0]]"
12110,"[[27546, 2823, 44348, 4176, 7504, 13, 2354], [7475, 284, 257, 1271, 286, 661, 8512, 284, 307, 257, 22298], [287, 2297, 18531, 319, 2362, 13, 807, 11, 257, 22598, 5395], [464, 8030, 29220, 287, 17322, 373, 717, 27771, 8972, 706, 4829], [351, 262, 3988, 290, 2277, 257, 1097], [983, 314, 1053, 3111, 319, 13, 7994, 2063, 257, 614, 2084]]","[[0.0, 0.0, 0.0, 0.0, 0.0, 4.034548759460449, 0.0], [0.0, 1.7875505685806274, 0.0, 0.0, 0.0, 3.4130773544311523, 0.0, 0.0, 0.0, 0.0, 0.0], [0.0, 0.0, 0.0, 0.0, 0.0, 2.8403918743133545, 0.0, 0.0, 0.0, 0.0, 0.0], [0.0, 0.0, 0.0, 0.0, 1.9206572771072388, 2.8236520290374756, 0.0, 0.0, 0.0, 0.0, 0.0], [0.0, 0.0, 1.181411862373352, 0.3216444253921509, 0.0, 2.0807580947875977, 0.0], [0.0, 0.0, 0.0, 0.0, 0.0, 2.079089641571045, 0.0, 0.0, 0.0, 0.0, 0.0]]"
12918,"[[198, 39190, 685, 4370, 2361, 198]]","[[1.1257007122039795, 0.933194100856781, 1.083242654800415, 0.7844927906990051, 0.7409372329711914, 1.5798404216766357]]"
13517,"[[13307, 531, 262, 15393, 373, 366, 37121, 257, 3621, 4019, 400]]","[[0.503212034702301, 0.4047335088253021, 0.8134099245071411, 0.5002927184104919, 0.8636693358421326, 1.122209906578064, 0.7355827689170837, 0.8119557499885559, 0.6259608864784241, 0.5301105380058289, 0.5383304357528687]]"
14031,"[[379, 32217, 338, 4171, 8137, 287, 30624, 45656, 543, 373, 2077]]","[[0.0, 0.0, 0.0, 0.0, 0.0, 33.518611907958984, 0.0, 0.0, 0.0, 0.0, 0.0]]"
14340,"[[5049, 14, 6633, 5382, 17869, 9995, 1098, 85, 5049, 14, 6633], [257, 1588, 1074, 286, 4047, 10617, 11, 3938, 11971, 5186, 1547], [3624, 12, 38668, 2278, 2168, 11, 422, 7516, 45277, 447, 247], [10553, 13, 632, 1233, 7657, 6702, 1248, 4, 58, 22, 60], [16384, 26742, 8, 286, 23326, 16890, 2018, 351, 11, 393, 3031], [286, 5931, 290, 12278, 9109, 284, 4695, 11, 475, 832, 20230]]","[[0.0, 4.608081340789795, 4.642877101898193, 0.0, 9.369474411010742, 21.485095977783203, 5.7136993408203125, 11.422853469848633, 4.982973098754883, 2.9072518348693848, 9.357870101928711], [12.582160949707031, 9.320624351501465, 3.6825485229492188, 16.402894973754883, 9.166290283203125, 19.98409652709961, 15.566261291503906, 7.904743194580078, 15.379776000976562, 0.5464431643486023, 11.391965866088867], [0.0, 0.0, 8.144954681396484, 3.291407585144043, 12.438545227050781, 19.30891990661621, 3.6115617752075195, 0.0, 0.0, 0.0, 0.0], [6.227957248687744, 6.413738250732422, 11.814969062805176, 0.9659053683280945, 13.091833114624023, 19.044452667236328, 0.0, 0.0, 0.0, 0.0, 0.0], [4.186336040496826, 4.835765361785889, 10.582293510437012, 3.622108221054077, 0.0, 18.73491859436035, 0.0, 5.523379802703857, 0.286554217338562, 11.747598648071289, 0.0], [9.30516242980957, 4.404967784881592, 5.403616428375244, 5.849926948547363, 3.2168357372283936, 18.125097274780273, 5.512889862060547, 10.970064163208008, 8.129297256469727, 0.0, 0.0]]"
15188,"[[284, 302, 22179, 33644, 25018, 319, 3321, 198], [338, 7072, 11, 1775, 994, 319, 3321, 11, 2901, 767, 11], [5866, 16978, 389, 407, 510, 284, 2310, 301, 4289, 5423, 13], [3733, 290, 31561, 48377, 27312, 319, 2365, 13, 1679, 379, 262], [284, 7137, 11, 373, 27546, 2823, 3321, 13, 471, 2781, 347]]","[[0.0, 0.0, 0.0, 0.0, 16.767274856567383, 42.622825622558594, 0.0, 0.0], [0.6243792772293091, 0.0, 0.0, 0.0, 0.6007329225540161, 40.39137268066406, 0.0, 13.148015022277832, 0.0, 0.0, 0.0], [0.0, 0.0, 0.0, 0.0, 0.0, 40.12985610961914, 0.0, 0.0, 0.0, 0.0, 0.0], [0.0, 1.0368928909301758, 4.481222152709961, 0.0, 0.0, 31.2178955078125, 0.0, 0.0, 0.0, 0.0, 0.0], [0.0, 0.0, 0.0, 0.0, 0.0, 31.05013656616211, 0.0, 0.0, 0.0, 0.0, 0.0]]"
15235,"[[5193, 1411, 286, 1605, 2444, 547, 13, 198, 198, 3198, 287], [198, 38897, 910, 42073, 22571, 389, 1884, 6692, 284, 262, 1263], [15472, 20150, 13, 20432, 1321, 318, 287, 262, 7788, 5064, 20150], [587, 881, 2793, 11, 1022, 362, 13, 20, 290, 513, 13], [15100, 11566, 379, 31561, 287, 262, 3594, 7968, 286, 49927, 13], [12078, 286, 14013, 5465, 6741, 389, 852, 4054, 416, 1644, 11]]","[[27.651611328125, 25.470417022705078, 33.01239776611328, 28.5952205657959, 29.754127502441406, 43.19441604614258, 31.518218994140625, 16.82746696472168, 29.212289810180664, 26.985836029052734, 22.666767120361328], [32.95391845703125, 31.492462158203125, 30.318634033203125, 33.76066589355469, 39.6401252746582, 42.920738220214844, 35.69111251831055, 26.731388092041016, 40.11417770385742, 34.50644302368164, 32.02518081665039], [34.655189514160156, 31.687170028686523, 35.309661865234375, 29.548385620117188, 31.296998977661133, 42.39441680908203, 32.90153503417969, 34.81697082519531, 26.4068603515625, 28.713687896728516, 30.64293670654297], [22.795665740966797, 17.636550903320312, 22.861074447631836, 20.895090103149414, 31.227270126342773, 42.315738677978516, 23.933298110961914, 39.09367752075195, 25.418498992919922, 40.674522399902344, 23.57623863220215], [29.490846633911133, 35.416282653808594, 30.976499557495117, 31.16938018798828, 33.60280990600586, 41.07659912109375, 31.54277801513672, 30.40339469909668, 33.13320541381836, 29.762725830078125, 32.87862014770508], [26.271713256835938, 30.860584259033203, 23.326457977294922, 28.600048065185547, 30.104061126708984, 40.611427307128906, 32.033302307128906, 23.335525512695312, 27.013872146606445, 27.454835891723633, 29.54983139038086]]"
15367,"[[257, 22298, 13, 198, 198, 32, 2184], [351, 262, 2184, 11, 11334, 257, 27138, 286, 262], [40873, 12, 44928, 67, 12, 69, 23, 68, 21]]","[[0.0, 0.0, 0.0, 0.0, 0.0, 1.2639501094818115, 0.0], [0.0, 0.0, 0.0, 0.0, 0.0, 0.18280190229415894, 0.0, 0.0, 0.0], [0.0, 0.0, 0.0, 0.0, 0.0, 0.14459115266799927, 0.0, 0.0, 0.0]]"
15859,"[[1505, 685, 4370, 2361, 198, 198, 33, 418, 18142, 290, 34321], [1022, 362, 13, 20, 290, 513, 13, 19, 1411, 49993, 11], [705, 944, 680, 6, 290, 705, 5606, 19655, 6, 290, 345], [37, 11262, 5357, 7102, 28290, 28495, 25, 27433, 2705, 4691, 4771], [13, 317, 2472, 6073, 1411, 366, 11576, 306, 1, 393, 366], [319, 2485, 4200, 561, 423, 597, 1245, 319, 34807, 2485, 3685]]","[[14.977457046508789, 16.34922218322754, 9.15371322631836, 19.59126091003418, 24.183570861816406, 28.601669311523438, 19.326704025268555, 18.50527572631836, 17.135581970214844, 20.004344940185547, 21.55605697631836], [14.611700057983398, 15.182106018066406, 8.233954429626465, 13.25014877319336, 1.953028678894043, 27.96968650817871, 10.832252502441406, 23.782302856445312, 22.26498794555664, 19.650510787963867, 20.93695831298828], [18.69896697998047, 18.416173934936523, 17.167259216308594, 11.624799728393555, 10.29211711883545, 27.49318504333496, 15.731865882873535, 17.463943481445312, 9.53248405456543, 7.1916608810424805, 10.938848495483398], [16.67049217224121, 18.06890869140625, 14.677736282348633, 13.81126594543457, 15.215413093566895, 27.415027618408203, 19.272628784179688, 17.08514976501465, 18.104969024658203, 22.131179809570312, 21.68639373779297], [17.630090713500977, 16.4821834564209, 13.209623336791992, 14.886528968811035, 17.923643112182617, 26.261507034301758, 25.682147979736328, 19.828866958618164, 18.897994995117188, 9.919293403625488, 21.848983764648438], [16.539871215820312, 12.632157325744629, 13.170753479003906, 18.505016326904297, 26.045921325683594, 26.190690994262695, 14.706014633178711, 19.09897232055664, 20.137296676635742, 15.066147804260254, 12.313041687011719]]"
16167,"[[15061, 88, 3303, 13, 198, 198, 9627, 286, 345, 2877, 287], [10503, 1323, 14693, 13, 198, 198, 45, 16448, 34763, 262, 3439], [1499, 338, 7327, 13, 198, 198, 6610, 3052, 11], [32173, 290, 6947, 36047, 198, 198, 6132, 21761, 5323, 393, 2604], [3675, 4875, 19247, 13, 198, 198, 464, 28157, 2767, 925, 257], [11, 881, 517, 13, 198, 198, 3886, 262, 938]]","[[0.0, 0.0, 0.0, 0.0, 2.1360256671905518, 33.16342544555664, 0.0, 0.0, 0.0, 0.0, 0.0], [0.0, 0.0, 0.0, 0.0, 0.0, 27.34092903137207, 0.0, 0.0, 0.0, 0.0, 0.0], [0.0, 0.0, 0.0, 0.0, 0.0, 24.58909034729004, 0.0, 0.0, 0.0], [0.0, 0.0, 0.0, 0.0, 1.9281203746795654, 23.620885848999023, 0.0, 0.0, 0.0, 0.0, 0.0], [0.0, 0.0, 0.0, 0.0, 0.0, 23.588979721069336, 0.0, 0.0, 0.0, 0.0, 0.0], [0.0, 0.0, 0.0, 0.0, 0.0, 21.795154571533203, 0.0, 0.0, 0.0]]"
16296,"[[14024, 355, 257, 16052, 13, 16126, 2439, 349, 641, 4106], [11, 475, 329, 607, 26150, 13, 32854, 2921, 4082, 284, 257], [4763, 531, 287, 2184, 3635, 13, 464, 3117, 18484, 3892, 4058], [319, 9190, 338, 3596, 5041, 1757, 10018, 2040, 8654, 1306, 198]]","[[0.0, 0.0, 0.0, 0.0, 40.20399475097656, 46.80533981323242, 0.0, 0.0, 0.0, 0.0], [2.0769741535186768, 2.779750347137451, 0.0, 0.0, 0.0, 30.375890731811523, 18.336807250976562, 3.40260910987854, 0.0, 0.0, 0.0], [0.0, 0.4180392026901245, 0.4906684160232544, 0.0, 0.0, 24.282461166381836, 1.4495244026184082, 5.371538162231445, 0.0, 0.0, 0.0], [0.0, 0.0, 0.4661926031112671, 0.0, 0.0, 21.944482803344727, 11.26545524597168, 0.0, 0.0, 0.0, 0.0]]"
16417,"[[307, 8389, 416, 350, 8763, 357, 49138, 14014, 364, 4041, 8], [318, 22961, 350, 368, 11, 329, 15644, 5518, 1072, 9142, 13], [8599, 2253, 11, 7931, 1869, 290, 24346, 6902, 912, 656, 465], [307, 355, 4050, 355, 32043, 357, 1930, 270, 1313, 25592, 16667], [41213, 447, 247, 5396, 357, 3955, 47, 4537, 8, 422, 287], [3815, 3585, 284, 511, 1853, 5984, 47, 13, 1881, 286, 262]]","[[0.0, 0.0, 0.0, 0.0, 0.25723519921302795, 59.717288970947266, 1.2843574285507202, 0.0, 0.0, 4.955965518951416, 2.9223287105560303], [2.051276206970215, 0.15788871049880981, 4.110966205596924, 0.4533696174621582, 4.801983833312988, 52.039794921875, 7.235236167907715, 0.19018025696277618, 0.0, 0.0, 8.70982837677002], [0.0, 0.0, 0.0, 15.229741096496582, 0.0, 45.31401824951172, 31.464405059814453, 5.998231410980225, 0.0, 0.0, 0.0], [0.0, 0.0, 0.0, 0.36701712012290955, 0.0, 42.505462646484375, 0.0, 0.0, 0.0, 0.0, 0.0], [0.0, 0.0, 0.5438743829727173, 0.6210569739341736, 11.012590408325195, 40.869590759277344, 21.09261131286621, 0.2683076858520508, 0.40567973256111145, 2.4811646938323975, 1.0094355344772339], [0.0, 0.9344155788421631, 1.1758582592010498, 1.8912250995635986, 4.112960338592529, 39.91337585449219, 0.38856470584869385, 0.0, 0.0, 0.0, 0.0]]"
17117,"[[19605, 625, 262, 938, 614, 11, 262, 16777, 4452, 1139, 13], [25, 262, 886, 318, 1474, 13, 198, 198, 32, 1178, 812], [5756, 447, 247, 82, 2221, 416, 2282, 428, 318, 257, 1621], [467, 11081, 4159, 4151, 16079, 13, 770, 318, 5000, 616, 898], [477, 7612, 286, 465, 32260, 13, 2399, 3173, 286, 3189, 329], [17795, 674, 8701, 289, 5500, 13, 843, 356, 447, 247, 303]]","[[0.9752607345581055, 1.0440539121627808, 1.3870277404785156, 1.5932966470718384, 1.6754319667816162, 5.149953842163086, 2.8340325355529785, 0.18029531836509705, 1.1662251949310303, 1.297623634338379, 2.592240810394287], [3.4426848888397217, 3.090017795562744, 0.09196081757545471, 1.3917855024337769, 0.6990896463394165, 4.971715450286865, 2.5041346549987793, 2.8480348587036133, 1.2753418684005737, 0.70988929271698, 0.0], [0.7779871821403503, 2.2548410892486572, 1.155332326889038, 1.7702239751815796, 1.5411807298660278, 4.939112663269043, 1.2053109407424927, 0.0, 2.7923786640167236, 2.4777610301971436, 0.48200568556785583], [0.0, 0.0, 1.0399374961853027, 1.9371578693389893, 1.7843791246414185, 4.928544044494629, 3.174553632736206, 2.616954803466797, 0.0, 0.9279898405075073, 1.0148143768310547], [1.0390876531600952, 1.0727912187576294, 1.1361908912658691, 1.5569970607757568, 1.1948816776275635, 4.920230388641357, 1.3360698223114014, 0.0, 1.900147557258606, 0.7674497365951538, 2.006113290786743], [1.1061023473739624, 2.060915470123291, 0.3003244698047638, 1.4512882232666016, 0.16561627388000488, 4.899708271026611, 2.4358043670654297, 2.835308074951172, 2.1083076000213623, 1.014251947402954, 3.302682638168335]]"
17279,"[[88, 2318, 338, 5415, 42498, 286, 2026, 661, 532, 287, 1295], [262, 11695, 357, 469, 8471, 11, 1107, 10091, 614, 286, 4722], [607, 11762, 319, 262, 14147, 1088, 513, 25, 1270, 279, 13], [925, 257, 21933, 329, 262, 31543, 1029, 12, 437, 5059, 4572], [7835, 4564, 5115, 6405, 1842, 11, 4497, 279, 17117, 11, 290], [6154, 4367, 326, 262, 1893, 373, 4478, 517, 5806, 290, 11626]]","[[0.0, 0.0, 0.0, 0.0, 0.0, 4.154685974121094, 0.0, 0.0, 0.0, 0.0, 0.0], [0.0, 0.0, 0.0, 0.0, 0.0, 3.4871203899383545, 0.0, 0.0, 0.0, 0.0, 0.0], [0.0, 0.0, 0.0, 0.0, 0.0, 3.1533517837524414, 0.0, 0.0, 0.0, 0.0, 0.0], [0.0, 0.0, 0.0, 0.0, 0.0, 2.711169719696045, 0.0, 0.0, 0.0, 0.0, 0.0], [0.0, 0.0, 0.0, 0.0, 0.0, 2.406975030899048, 0.0, 0.0, 0.0, 0.0, 0.0], [0.0, 0.0, 0.044385090470314026, 1.4865875244140625, 0.4060555398464203, 2.2102255821228027, 0.5921425819396973, 0.30704498291015625, 0.0, 0.0, 0.0]]"
17319,"[[14, 6633, 5382, 17869, 9995, 1098, 85, 5049, 14, 6633, 5382], [2166, 286, 262, 1683, 83, 756, 85, 9073, 319, 3635, 284]]","[[0.0, 0.0, 0.0, 0.0, 0.0, 53.70752716064453, 0.0, 0.0, 0.0, 0.0, 0.0], [0.0, 3.4180777072906494, 7.515920639038086, 0.0, 0.0, 53.22771453857422, 0.0, 0.0, 0.0, 2.364304542541504, 0.0]]"
17772,"[[306, 3562, 987, 12706, 329, 11070, 389, 3492, 379, 262, 20243], [12, 15017, 5302, 48734, 5866, 16978, 389, 407, 510, 284, 2310], [250, 25991, 262, 749, 1593, 2239, 356, 447, 247, 260, 2263], [198, 198, 38328, 45408, 3332, 866, 287, 2166, 286, 262, 1683]]","[[0.0, 4.713803768157959, 0.0, 22.901647567749023, 12.1857328414917, 29.3210391998291, 0.03548029065132141, 8.71579647064209, 0.0, 0.0, 23.912656784057617], [0.0, 0.0, 0.0, 0.0, 0.0, 24.892810821533203, 14.864335060119629, 0.0, 0.0, 12.672638893127441, 0.0], [0.0, 0.0, 10.97793197631836, 7.670508861541748, 12.303586959838867, 24.663551330566406, 5.368651390075684, 0.0, 0.0, 0.3582884669303894, 0.0], [0.0, 0.0, 0.0, 0.7034943699836731, 10.165563583374023, 23.632770538330078, 0.0, 0.0, 0.0, 15.2228364944458, 0.0]]"
18012,"[[655, 428, 640, 286, 262, 614, 11, 475, 477, 614, 890], [11, 262, 584, 468, 284, 4425, 13, 3926, 18204, 4975, 11], [286, 1111, 4236, 319, 530, 1517, 25, 262, 886, 318, 1474], [286, 649, 532, 290, 1690, 44207, 532, 2842, 284, 3613, 1637], [465, 717, 12, 1941, 45424, 2444, 30740, 12, 73, 36825, 287], [11, 290, 6771, 286, 477, 19063, 1254, 257, 46908, 9839, 284]]","[[0.0, 0.0, 0.0, 0.0, 0.0, 8.340804100036621, 0.0, 0.0, 0.0, 0.0, 0.0], [0.0, 0.0, 2.2804465293884277, 0.0, 0.0, 8.328749656677246, 0.0, 0.0, 0.0, 0.0, 0.0], [0.0, 4.137787818908691, 0.0, 0.739842414855957, 0.0, 8.138775825500488, 0.0, 2.7196764945983887, 0.0, 0.4159053564071655, 0.0], [0.0, 3.2448575496673584, 0.0, 0.0, 0.6962830424308777, 7.999175548553467, 0.0, 0.0, 0.0, 0.0, 0.0], [0.0, 0.0, 0.0, 0.0, 0.0, 7.68907356262207, 0.0, 0.0, 0.0, 0.0, 0.0], [0.0, 0.0, 0.0, 0.0, 0.0, 7.615272521972656, 0.0, 0.0, 0.0, 0.0, 0.0]]"
18106,"[[5371, 1966, 29892, 26722, 5926, 357, 35, 11012, 8, 9369, 29628], [4957, 23174, 16334, 2258, 1589, 3180, 35, 625, 663, 37583, 351]]","[[0.0, 0.0, 0.0, 0.0, 0.0, 63.06687927246094, 24.69630241394043, 0.0, 1.277043342590332, 0.0, 0.0], [0.3846370279788971, 0.0, 0.0, 0.0, 0.0, 55.46187210083008, 0.0, 0.0, 0.0, 0.0, 0.0]]"
18258,"[[198, 198, 1639, 32638, 11, 314, 32638, 11, 356, 477, 32638], [20245, 700, 3173, 674, 21143, 393, 262, 835, 356, 547, 7817], [649, 9512, 13, 554, 1339, 345, 423, 407, 2982, 11, 994], [3452, 1964, 40003, 2058, 287, 257, 1598, 7309, 9294, 351, 257], [45, 395, 992, 287, 30597, 338, 2266, 12, 2971, 4783, 287], [9051, 16043, 13, 6102, 1083, 9051, 37577, 13, 2692, 468, 257]]","[[18.01803970336914, 13.033087730407715, 19.373868942260742, 20.895864486694336, 23.776561737060547, 23.86116600036621, 19.106700897216797, 18.794076919555664, 17.43938636779785, 17.58404541015625, 14.838674545288086], [17.899267196655273, 15.643380165100098, 16.31730079650879, 21.58127212524414, 15.589778900146484, 22.570941925048828, 19.72492027282715, 15.677215576171875, 19.923192977905273, 17.711801528930664, 12.664165496826172], [15.026459693908691, 13.489588737487793, 14.252006530761719, 18.001445770263672, 10.608363151550293, 22.520151138305664, 18.228925704956055, 17.233797073364258, 12.535990715026855, 11.500273704528809, 16.623111724853516], [15.908790588378906, 12.952360153198242, 12.384038925170898, 15.175270080566406, 21.41214370727539, 22.41935157775879, 17.13503646850586, 14.23239803314209, 11.138201713562012, 17.62017059326172, 20.17293930053711], [14.719432830810547, 19.13494110107422, 11.546069145202637, 15.377568244934082, 20.743194580078125, 22.387651443481445, 19.088354110717773, 16.29920196533203, 14.313447952270508, 15.58989143371582, 20.109521865844727], [18.840702056884766, 16.27323341369629, 14.114869117736816, 19.366817474365234, 15.641972541809082, 22.346010208129883, 13.24043083190918, 15.95098876953125, 19.312734603881836, 20.369630813598633, 20.722251892089844]]"
18400,"[[465, 1218, 23166, 11, 290, 281, 6754, 1109, 326, 8732, 2486], [8571, 1412, 257, 1200, 351, 257, 4159, 318, 783, 3867, 832], [351, 8431, 13777, 11, 290, 262, 44333, 14408, 290, 523, 319], [750, 262, 976, 1517, 851, 691, 287, 257, 881, 517, 13206], [286, 3288, 6356, 784, 351, 262, 1104, 286, 7516, 21450, 2241], [1702, 262, 2260, 24577, 13, 1375, 635, 4054, 734, 584, 5254]]","[[8.134570121765137, 5.836019515991211, 6.609240531921387, 12.978005409240723, 18.944440841674805, 21.330968856811523, 18.284006118774414, 13.842684745788574, 21.1098575592041, 8.406560897827148, 11.502799987792969], [4.4427666664123535, 13.593019485473633, 14.718864440917969, 12.658639907836914, 15.865594863891602, 19.227643966674805, 16.264617919921875, 3.227550745010376, 0.0, 3.0763213634490967, 8.090123176574707], [5.288853645324707, 6.648693561553955, 2.127959966659546, 3.7375411987304688, 11.819087982177734, 17.70767593383789, 7.464664459228516, 6.428054332733154, 5.615159034729004, 3.056835651397705, 1.472773790359497], [4.87945032119751, 11.682605743408203, 5.111565589904785, 7.929666042327881, 9.899179458618164, 17.699281692504883, 16.470827102661133, 10.172561645507812, 10.847689628601074, 4.323156833648682, 7.057117938995361], [9.58553409576416, 6.175666332244873, 7.747520923614502, 12.397605895996094, 15.131914138793945, 17.46504783630371, 0.0, 5.373318195343018, 0.0, 4.598793983459473, 6.520854473114014], [9.083839416503906, 9.109139442443848, 2.527073860168457, 7.886574745178223, 12.621304512023926, 16.982458114624023, 12.1765718460083, 7.8504252433776855, 9.332386016845703, 5.470926284790039, 9.145752906799316]]"
19038,"[[198, 198, 20854, 768, 198, 198, 1135, 3342, 287, 262, 5410]]","[[5.271695137023926, 21.066001892089844, 13.237798690795898, 7.904226779937744, 17.299524307250977, 30.963205337524414, 23.971025466918945, 15.206954002380371, 16.75391960144043, 18.518606185913086, 4.769443035125732]]"
19122,"[[262, 1406, 78, 13980, 71, 3733, 290, 31561, 48377, 27312, 319], [2793, 11, 1022, 362, 13, 20, 290, 513, 13, 19, 1411], [1111, 4806, 322, 945, 13, 785, 290, 16999, 11397, 13, 785], [12, 6230, 19122, 1022, 35774, 3762, 290, 5027, 265, 42391, 323], [283, 11, 7806, 24701, 21141, 11, 290, 7778, 259, 18914, 532], [290, 1944, 364, 11, 1111, 649, 290, 1468, 11, 481, 307]]","[[0.0, 0.0, 0.16510459780693054, 0.0, 0.0, 26.42559242248535, 0.0, 0.0, 0.0, 0.0, 0.0], [0.0, 0.0, 0.0, 18.66353416442871, 0.0, 25.73491668701172, 0.0, 0.0, 0.0, 0.0, 0.0], [0.0, 0.0, 0.0, 12.973045349121094, 0.0, 24.169628143310547, 0.0, 0.0, 0.0, 0.0, 0.0], [0.0, 0.0, 0.0, 0.0, 0.0, 21.99821662902832, 0.0, 0.0, 0.0, 0.0, 0.0], [0.0, 0.0, 0.0, 0.0, 16.10420036315918, 21.372039794921875, 0.0, 0.0, 0.0, 0.0, 0.0], [0.0, 0.0, 0.0, 0.0, 0.0, 20.737884521484375, 0.0, 0.0, 0.0, 0.0, 0.0]]"
19209,"[[547, 1043, 319, 262, 7022, 11, 617, 286, 543, 423, 1201], [11, 475, 262, 6591, 2685, 318, 691, 1107, 6942, 329], [16812, 7224, 262, 1730, 355, 407, 691], [514, 319, 14437, 523, 356, 460, 4074, 428, 7427, 983], [13, 3244, 612, 389, 617, 326, 1986, 262, 30496, 4876, 286], [12, 11110, 1112, 784, 481, 11, 1864, 284, 428, 4578, 11]]","[[10.99164867401123, 3.8349452018737793, 0.0, 0.0, 3.025151491165161, 13.305977821350098, 4.322310924530029, 0.0, 8.485529899597168, 4.759299278259277, 1.514641523361206], [6.949156284332275, 1.4225902557373047, 0.7908636927604675, 0.0, 0.0, 9.852155685424805, 0.0, 0.0, 0.0, 0.0], [0.0, 0.0, 0.0, 0.0, 4.634188652038574, 9.660270690917969, 0.0], [0.0, 0.0, 0.0, 0.0, 2.426820755004883, 8.520938873291016, 0.0, 0.0, 0.0, 0.0], [0.0, 0.0, 0.0, 0.0, 1.998725414276123, 8.30009937286377, 0.0, 0.0, 0.0, 0.0, 0.0], [0.0, 0.0, 0.0, 4.164347171783447, 7.671103477478027, 7.951364994049072, 0.0, 0.0, 0.0, 0.0, 4.155606269836426]]"
19745,"[[284, 257, 2277, 12, 392, 12, 5143, 3735, 1483, 284, 2859]]","[[0.0, 0.0, 0.0, 0.0, 0.0, 58.13356399536133, 0.0, 0.0, 0.0, 0.0, 0.0]]"
19832,"[[50241, 31623, 64, 198, 198, 1135, 4499, 1909, 326, 262, 4697]]","[[0.0, 24.97171401977539, 18.77471923828125, 23.272764205932617, 26.130712509155273, 57.641868591308594, 37.91851043701172, 28.42074966430664, 29.169282913208008, 26.79306411743164, 30.82515525817871]]"
19950,"[[1560, 514, 703, 2642, 356, 389, 287, 19502, 828, 475, 428], [25, 314, 973, 284, 670, 612, 8, 290, 262, 2274, 4219], [3003, 5180, 350, 1501, 695, 18303, 357, 29110, 29720, 1375, 4120], [345, 33412, 21529, 290, 50137, 6783, 737, 383, 3350, 635, 19869], [484, 447, 247, 260, 2406, 736, 8133, 5290, 2994, 287, 511], [616, 3656, 290, 314, 11626, 510, 737, 775, 423, 587, 1642]]","[[6.139547348022461, 17.757535934448242, 20.08485984802246, 8.80321979522705, 13.636309623718262, 27.01624298095703, 8.29035472869873, 16.318756103515625, 0.0, 0.0, 0.0], [0.0, 0.15097124874591827, 2.774437427520752, 0.6317428946495056, 13.61874008178711, 26.26315689086914, 0.0, 0.0, 0.0, 0.0, 0.0], [0.6459949612617493, 2.814603805541992, 4.221937656402588, 0.0, 5.46478271484375, 25.877574920654297, 2.2873141765594482, 0.002138987183570862, 0.0, 0.0, 0.0], [15.819670677185059, 8.429936408996582, 23.13239288330078, 10.200139999389648, 3.7103471755981445, 24.75315284729004, 0.0, 0.0, 0.0, 0.0, 0.0], [10.854684829711914, 4.35590934753418, 3.1283421516418457, 10.564430236816406, 16.148977279663086, 24.605304718017578, 0.0, 0.0, 0.0, 0.0, 0.0], [3.2586514949798584, 8.884681701660156, 0.0, 5.641173839569092, 14.416418075561523, 24.558494567871094, 0.0, 0.0, 0.0, 0.0, 0.0]]"
20305,"[[87, 60, 7281, 31598, 18, 319, 35515, 11151, 290, 287, 262], [1510, 1451, 2599, 3205, 284, 720, 1129, 13, 16, 1510, 13], [4771, 6287, 329, 3389, 900, 257, 1700, 1877, 11, 20252, 23708], [1466, 9977, 11290, 284, 13, 968, 1971, 318, 4398, 329, 4981], [604, 13, 22, 503, 286, 642, 416, 4764, 764, 198, 198], [14, 7738, 2821, 14, 2959, 1990, 500, 198, 198, 38150, 286]]","[[0.0, 0.0, 0.0, 0.0, 0.0, 5.201882839202881, 0.0, 0.0, 0.0, 0.0, 0.0], [0.0, 0.0, 0.0, 0.0, 0.0, 4.9506096839904785, 0.0, 0.0, 0.0, 0.0, 0.0], [0.0, 0.0, 0.0, 0.0, 0.0, 4.764714241027832, 0.0, 0.0, 0.028943125158548355, 0.0, 0.0], [0.0, 0.0, 0.0, 0.0, 0.0, 4.409707546234131, 0.0, 0.0, 0.0, 0.0, 0.0], [0.0, 0.0, 0.0, 0.0, 3.209909200668335, 4.222762107849121, 0.0, 0.0, 0.0, 0.0, 0.0], [0.0, 0.0, 0.0, 0.0, 0.0, 3.842529535293579, 0.0, 0.0, 0.0, 0.0, 0.0]]"
20552,"[[738, 4992, 290, 5567, 11233, 357, 20034, 6998, 12, 48, 828], [4482, 3337, 28373, 9142, 357, 50, 4093, 44, 737, 198, 198], [32180, 554, 8334, 1874, 6442, 357, 34, 41, 10234, 12, 46], [0, 198, 198, 15580, 6242, 1313, 1073, 17917, 25, 19710, 2688], [72, 57, 9081, 46518, 9308, 4100, 34, 559, 297, 468, 587], [12, 2075, 2791, 393, 2056, 31, 330, 2290, 13, 2398, 198]]","[[0.0, 0.0, 0.0, 0.0, 0.0, 46.6675910949707, 0.0, 0.0, 0.0, 0.0, 0.0], [0.0, 0.0, 0.0, 0.0, 29.479265213012695, 43.71732711791992, 0.0, 0.0, 0.0, 0.0, 0.0], [0.0, 0.35191041231155396, 0.0, 0.0, 0.25224339962005615, 39.27629089355469, 0.0, 0.0, 0.0, 0.0, 1.629331350326538], [0.0, 0.0, 0.0, 0.0, 1.6882894039154053, 38.626319885253906, 0.0, 0.0, 0.0, 0.0, 0.0], [0.0, 0.0, 0.0, 0.1745583862066269, 0.0, 38.33549880981445, 4.319283485412598, 1.288879632949829, 0.0, 0.0, 0.0], [0.0, 0.0, 1.1863353252410889, 6.7431640625, 0.0, 37.58366394042969, 9.301440238952637, 0.0, 0.0, 0.0, 0.0]]"
20913,"[[471, 13, 50, 13, 15072, 691, 737, 198, 198, 21327, 11], [389, 2089, 6593, 13, 314, 760, 340, 447, 247, 82, 477]]","[[0.0, 0.0, 6.295007228851318, 0.5112765431404114, 45.47578048706055, 56.126155853271484, 0.0, 0.0, 0.0, 0.0, 0.0], [14.732851028442383, 39.919044494628906, 41.70914840698242, 26.258485794067383, 14.856760025024414, 42.92947769165039, 37.52334213256836, 7.839095592498779, 19.42276382446289, 13.836639404296875, 19.12336540222168]]"
20918,"[[7759, 1511, 25, 26855, 9761, 16182, 311], [393, 4482, 3337, 28373, 9142, 357, 50, 4093, 44, 737, 198], [532, 1439, 2489, 10395, 22964, 904, 15971, 11, 5371, 286, 15601]]","[[4.187482833862305, 0.0, 0.0, 0.0, 0.0, 53.1516227722168, 0.0], [0.0, 0.0, 0.0, 0.0, 0.29406893253326416, 48.96275329589844, 1.4776322841644287, 8.99937915802002, 7.967017650604248, 3.300328254699707, 0.0], [0.0, 0.0, 0.0, 0.0, 1.7467267513275146, 47.512855529785156, 0.0, 0.0, 0.0, 0.0, 0.0]]"
21031,"[[31359, 32116, 4038, 13, 198, 198, 31359, 32116, 318, 262, 1218], [326, 13119, 1057, 13, 198, 198, 7571, 1830, 13, 198, 198], [17691, 2688, 6894, 13, 198, 198, 25153, 257, 3195, 905, 1912]]","[[87.33848571777344, 40.47233581542969, 46.11173629760742, 61.77070999145508, 66.98278045654297, 109.64247131347656, 33.842559814453125, 13.9380464553833, 37.294559478759766, 35.53875732421875, 38.81073760986328], [43.96849822998047, 20.64468765258789, 16.75358772277832, 50.071937561035156, 57.851322174072266, 103.38272094726562, 19.619659423828125, 24.64189910888672, 11.431018829345703, 42.25484085083008, 67.1341323852539], [41.542640686035156, 31.748149871826172, 29.74193572998047, 56.756465911865234, 67.36112976074219, 102.4961166381836, 25.49006462097168, 42.45207977294922, 29.616165161132812, 23.470338821411133, 33.10370635986328]]"
21372,"[[17057, 508, 389, 4890, 13644, 389, 1342, 1884, 284, 3328, 869], [3335, 6343, 8305, 2773, 286, 262, 10405, 25863, 1718, 2008, 9640]]","[[1.246140956878662, 1.2597999572753906, 1.4633119106292725, 0.7932583689689636, 0.9915317296981812, 1.6789544820785522, 0.9308584332466125, 0.4027104377746582, 1.141619324684143, 1.0682836771011353, 0.8215899467468262], [0.16206732392311096, 0.4498647451400757, 0.611444890499115, 1.2807016372680664, 1.2625274658203125, 1.6627548933029175, 1.3124340772628784, 1.0472393035888672, 1.0835933685302734, 0.692755401134491, 0.7140153646469116]]"
21860,"[[1605, 5396, 286, 3854, 20357, 357, 1462], [14465, 1187, 290, 20904, 669, 357, 10262, 13396, 8, 389, 635], [379, 262, 6638, 4992, 4281, 357, 25793, 8, 9072, 286, 42525], [198, 464, 1605, 10422, 5396, 357, 1921, 32, 8, 3414, 3321]]","[[0.0, 0.0, 0.0, 0.0, 0.0, 59.214046478271484, 0.0], [0.13101963698863983, 0.0, 4.124813556671143, 0.0, 0.0, 50.05973434448242, 0.72291499376297, 3.131093740463257, 0.0, 0.0, 0.0], [5.350477695465088, 5.531529903411865, 0.38138431310653687, 0.8307947516441345, 0.43137890100479126, 48.85549545288086, 0.0, 0.0, 0.0, 0.0, 0.0], [1.175579309463501, 2.0387916564941406, 0.0, 0.0, 2.2687337398529053, 48.14922332763672, 39.03024673461914, 5.716760158538818, 0.0, 0.0, 0.0]]"
22184,"[[286, 649, 532, 290, 1690, 44207, 532, 2842, 284, 3613, 1637], [2018, 351, 11, 393, 3031, 284, 11, 2972, 17408, 4778, 13], [611, 1683, 757, 11, 257, 4071, 8, 640, 314, 1183, 1683], [340, 460, 4620, 851, 290, 5529, 851, 262, 7141, 5951, 2622], [749, 2968, 11, 475, 3190, 35212, 11, 14408, 286, 262, 1285], [247, 82, 922, 851, 772, 6393, 851, 4819, 284, 5203, 319]]","[[0.0, 0.0, 0.0, 0.5488704442977905, 8.26297664642334, 44.39593505859375, 0.0, 0.0, 0.0, 0.0, 0.0], [0.0, 0.0, 1.9288945198059082, 0.0, 9.168662071228027, 44.323734283447266, 0.38635334372520447, 0.0, 0.0, 0.0, 0.0], [1.8074672222137451, 14.408751487731934, 7.259775638580322, 0.0, 12.055869102478027, 31.044620513916016, 11.116412162780762, 0.0, 0.0662851631641388, 0.0, 3.63814115524292], [0.0, 0.0, 0.0, 0.0, 1.0876001119613647, 30.369216918945312, 0.0, 0.0, 0.0, 0.0, 0.0], [2.351803779602051, 4.787779808044434, 1.75510835647583, 5.632132053375244, 0.0, 30.366973876953125, 0.0, 0.0, 0.0, 0.0, 0.0], [0.0, 0.13748612999916077, 1.0109515190124512, 0.0, 12.1983060836792, 27.292428970336914, 0.0, 0.0, 0.49927303194999695, 0.0, 0.0]]"
22189,"[[2310, 11, 3050, 198, 198, 1, 1026, 318, 262, 661, 286], [308, 13513, 13062, 198, 198, 1, 3351, 1476, 278, 27644, 11903], [328, 2288, 8, 198, 198, 1, 49141, 8662, 1, 290, 366]]","[[50.9954948425293, 62.778079986572266, 55.328330993652344, 62.557125091552734, 81.74219512939453, 176.14865112304688, 72.43960571289062, 76.31261444091797, 44.888492584228516, 65.7319564819336, 65.95713806152344], [15.643409729003906, 43.10692596435547, 34.6249885559082, 60.0527458190918, 76.9183349609375, 174.952392578125, 41.18846893310547, 66.4874038696289, 56.641048431396484, 36.1705207824707, 24.74465560913086], [18.414287567138672, 0.0, 35.34442901611328, 13.804067611694336, 28.427452087402344, 158.03407287597656, 35.22319030761719, 15.52931022644043, 42.84964370727539, 27.09429931640625, 74.80085754394531]]"
22295,"[[750, 16581, 363, 265, 1302, 329, 30, 770, 614, 11, 356], [307, 2717, 396, 11, 329, 4554, 30, 8314, 340, 423, 284], [2181, 4541, 290, 13998, 1294, 3657, 30, 198, 198, 2202, 3635], [351, 281, 1846, 45073, 1041, 1848, 11, 475, 836, 447, 247], [247, 260, 407, 8440, 319, 640, 30, 198, 198, 2953, 23178], [447, 251, 1148, 326, 991, 2081, 30, 198, 198, 6191, 20936]]","[[4.582800388336182, 2.202324628829956, 4.087355613708496, 8.01297378540039, 11.25400447845459, 52.582763671875, 0.0, 0.0, 6.229835033416748, 0.0, 1.0855607986450195], [15.62179946899414, 33.823482513427734, 41.126399993896484, 3.0435023307800293, 12.9391508102417, 52.165069580078125, 0.0, 0.0, 2.6948435306549072, 1.4957854747772217, 8.394123077392578], [0.0, 44.8947639465332, 0.0, 12.101963996887207, 3.1777899265289307, 52.15806579589844, 0.0, 0.0, 0.9575033187866211, 0.0, 0.0], [3.7977206707000732, 0.0, 3.5536768436431885, 19.193239212036133, 28.408916473388672, 50.61207962036133, 12.92419147491455, 5.109520435333252, 1.6058661937713623, 1.7408738136291504, 6.440634727478027], [21.5802001953125, 8.244162559509277, 15.612825393676758, 43.72556686401367, 18.657392501831055, 49.71831130981445, 0.0, 1.9471795558929443, 0.30393606424331665, 0.0, 0.0], [0.0, 0.0, 0.0, 1.2907038927078247, 0.1130061149597168, 49.618431091308594, 0.0, 0.0, 0.3745167851448059, 0.0, 0.0]]"
22446,"[[4890, 15846, 8599, 2253, 11, 7931, 1869, 290, 24346, 6902, 912], [17, 13094, 198, 198, 817, 8040, 1869, 338, 9957, 318, 257]]","[[0.0, 14.806856155395508, 6.210515022277832, 2.990013599395752, 1.3194141387939453, 57.87576675415039, 0.0, 0.0, 0.0, 0.0, 0.0], [5.740598678588867, 7.867451190948486, 0.0, 11.363558769226074, 14.556194305419922, 46.6287841796875, 18.552488327026367, 24.813934326171875, 12.986785888671875, 10.5882568359375, 11.90046501159668]]"
22897,"[[10532, 3710, 9646, 1430, 352, 1220, 767, 5157, 284, 12917, 198]]","[[0.0, 3.0867629051208496, 8.05411148071289, 0.0, 0.0, 89.43412780761719, 0.0, 0.0, 0.0, 0.0, 1.148655652999878]]"
23021,"[[380, 862, 393, 16790, 31323, 198, 198, 2949, 517, 2153, 79], [33456, 85, 23, 8, 45619, 198, 198, 80, 368, 84, 12], [642, 763, 12, 404, 8739, 198, 198, 1433, 649, 3777, 13], [198, 43916, 7647, 9029, 6027, 198, 198, 36687, 318, 17715, 319], [1022, 661, 290, 6134, 13, 198], [290, 651, 257, 922, 19828, 198, 198, 79, 21823, 262, 7545]]","[[0.0, 0.0, 0.0, 0.0, 0.0, 68.20295715332031, 10.0222806930542, 0.0, 0.0, 0.0, 0.0], [0.0, 0.0, 0.0, 0.0, 0.0, 68.09893035888672, 7.954738140106201, 0.0, 0.0, 0.0, 0.0], [0.0, 0.0, 0.0, 0.0, 0.0, 67.47724151611328, 0.9397498965263367, 0.0, 0.0, 0.0, 0.0], [0.0, 0.0, 0.0, 0.0, 0.0, 53.653526306152344, 0.0, 0.0, 0.0, 0.0, 0.0], [0.0, 0.0, 0.0, 0.0, 6.158423900604248, 49.613338470458984], [0.0, 0.0, 0.0, 0.0, 0.0, 48.229915618896484, 0.0, 2.7491629123687744, 0.0, 0.0, 0.0]]"
24080,"[[257, 2041, 6695, 7692, 286, 810, 345, 423, 340, 13, 887], [3946, 287, 17000, 10999, 5348, 290, 41391, 2877, 5423, 960, 2978], [307, 22144, 416, 1997, 290, 2279, 1752, 340, 447, 247, 82], [262, 2450, 11, 475, 484, 635, 1975, 326, 340, 447, 247], [41238, 826, 284, 1745, 284, 1848, 262, 4037, 8108, 326, 783], [976, 12, 820, 9352, 11, 290, 33214, 640, 9574, 329, 6709]]","[[0.0, 0.0, 0.0, 0.0, 1.2699761390686035, 11.600481986999512, 5.016291618347168, 0.0, 0.03490309417247772, 0.0, 0.0], [0.0, 0.0, 0.0, 0.0, 0.0, 8.501973152160645, 0.0, 0.0, 3.1147732734680176, 0.0, 0.0], [2.1638429164886475, 0.0, 0.0, 2.929579973220825, 0.0, 8.006970405578613, 1.3740891218185425, 0.0, 0.0, 0.0, 0.0], [0.0, 0.0, 0.451923131942749, 2.3477299213409424, 4.485400676727295, 7.924335479736328, 0.0, 0.0, 0.0, 0.0, 0.0], [0.0, 0.0, 0.0, 0.0, 0.3474779725074768, 7.8215837478637695, 0.2885369062423706, 0.0, 0.6581032872200012, 1.431312084197998, 0.0], [0.0, 0.0, 0.0, 0.0, 3.2822413444519043, 7.735391139984131, 0.0, 0.0, 0.0, 0.0, 0.0]]"
24098,"[[981, 407, 262, 266, 1039, 40965, 502, 13227, 326, 4492, 393], [2215, 345, 892, 286, 4346, 278, 4334, 43775, 11, 262, 3277], [30597, 6252, 11, 34035, 4738, 5891, 36799, 1141, 465, 530, 1711]]","[[3.9832468032836914, 6.503430366516113, 9.61461353302002, 1.6441007852554321, 2.8768980503082275, 18.37899398803711, 11.518932342529297, 8.334203720092773, 5.807817459106445, 2.4588513374328613, 7.3469061851501465], [0.0, 8.319631576538086, 5.4346923828125, 3.783966541290283, 5.906870365142822, 17.918720245361328, 14.008365631103516, 10.257855415344238, 1.9842431545257568, 6.100988864898682, 9.906386375427246], [0.0, 1.1839654445648193, 5.641849040985107, 1.1878376007080078, 4.990075588226318, 16.59151268005371, 5.144001483917236, 0.0, 1.0447263717651367, 1.982957124710083, 2.0390546321868896]]"
24320,"[[422, 262, 2486, 25466, 284, 262, 1301, 25466, 11, 4925, 286], [5181, 2044, 11515, 1989, 287, 262, 2258, 6896, 13, 5555, 12537], [4004, 2842, 286, 2095, 2890, 262, 1181, 286, 8425, 2316, 287], [6806, 38719, 12, 21111, 287, 262, 13316, 198, 198, 2943, 46], [407, 3938, 3002, 262, 3484, 329, 262, 11212, 12319, 43280, 23955], [262, 3504, 25367, 2196, 286, 262, 366, 15948, 318, 9274, 12129]]","[[3.736875295639038, 9.6296968460083, 0.0, 1.1454250812530518, 7.943944454193115, 14.071303367614746, 0.0, 0.0, 0.0, 0.0, 0.0], [2.228355884552002, 0.0, 0.28632569313049316, 5.111248016357422, 6.999297618865967, 13.203756332397461, 5.954073905944824, 0.0, 0.5681694149971008, 0.0, 0.0], [2.6590049266815186, 0.0, 2.4056894779205322, 0.6538015604019165, 5.360817909240723, 13.024038314819336, 0.9674786925315857, 9.172324180603027, 2.011779546737671, 2.4430367946624756, 12.431736946105957], [0.0, 2.2348873615264893, 2.479149103164673, 0.0, 10.524133682250977, 12.825342178344727, 0.0, 0.0, 0.0, 0.0, 0.0], [3.0424373149871826, 2.4822373390197754, 8.23796558380127, 10.325102806091309, 1.9171591997146606, 12.726394653320312, 11.482297897338867, 3.633293628692627, 1.799331784248352, 1.0924663543701172, 4.605438709259033], [4.949465274810791, 0.0, 1.9338244199752808, 0.7083021998405457, 8.60265827178955, 12.162854194641113, 5.491682052612305, 0.0, 0.17239083349704742, 0.0, 0.0]]"
